{"cameraMode":{"drawMode":0,"name":"Shaded","section":"Shading Mode"},"sceneLighting":false,"audioPlay":false,"sceneViewState":{"m_AlwaysRefresh":false,"showFog":true,"showSkybox":true,"showFlares":true,"showImageEffects":true,"showParticleSystems":true,"showVisualEffectGraphs":true,"m_FxEnabled":true},"in2DMode":false,"pivot":{"x":-0.30750155448913576,"y":-15.447487831115723,"z":-10.691352844238282},"rotation":{"x":-0.03062744066119194,"y":0.9684308767318726,"z":-0.19550374150276185,"w":-0.15170136094093324},"size":25.792526245117189,"orthographic":false}