{"cameraMode":{"drawMode":0,"name":"Shaded","section":"Shading Mode"},"sceneLighting":true,"audioPlay":false,"sceneViewState":{"m_AlwaysRefresh":false,"showFog":true,"showSkybox":true,"showFlares":true,"showImageEffects":true,"showParticleSystems":true,"showVisualEffectGraphs":true,"m_FxEnabled":true},"in2DMode":false,"pivot":{"x":14.36362075805664,"y":-4.067048072814941,"z":15.963807106018067},"rotation":{"x":-0.019939182326197625,"y":0.9691469073295593,"z":-0.23101015388965608,"w":-0.08365415781736374},"size":12.098203659057618,"orthographic":true}