{"cameraMode":{"drawMode":0,"name":"Shaded","section":"Shading Mode"},"sceneLighting":false,"audioPlay":false,"sceneViewState":{"m_AlwaysRefresh":false,"showFog":true,"showSkybox":true,"showFlares":true,"showImageEffects":true,"showParticleSystems":true,"showVisualEffectGraphs":true,"m_FxEnabled":true},"in2DMode":false,"pivot":{"x":22.204557418823243,"y":-2.8694393634796144,"z":-4.367096900939941},"rotation":{"x":-0.011516704224050045,"y":-0.945925235748291,"z":0.3224183917045593,"w":-0.033787406980991366},"size":0.6753071546554565,"orthographic":false}