{"cameraMode":{"drawMode":0,"name":"Shaded","section":"Shading Mode"},"sceneLighting":false,"audioPlay":false,"sceneViewState":{"m_AlwaysRefresh":false,"showFog":true,"showSkybox":true,"showFlares":true,"showImageEffects":true,"showParticleSystems":true,"showVisualEffectGraphs":true,"m_FxEnabled":false},"in2DMode":false,"pivot":{"x":21.041433334350587,"y":-4.038437843322754,"z":19.336544036865236},"rotation":{"x":0.027549026533961297,"y":-0.9483075141906738,"z":0.3042919635772705,"w":0.08586258441209793},"size":2.342935800552368,"orthographic":false}